date,DXY,USDKRW,USDJPY,USDCAD,USDNOK,USDSEK,USDCNY,EURUSD,GBPUSD,AUDUSD
2024-06-27 11:18:23.768506,103.08747273706526,1351.4779890371371,145.03018368643427,1.3811673677219856,10.202163213201134,9.59672033716963,7.1999707115100895,0.9193655727486625,0.779079738274641,0.6486337229167938
2024-06-28 11:18:23.768506,103.07316908722444,1348.7347693440915,144.89720039421778,1.3824185346322688,10.19766139993198,9.581932520936991,7.197353566216027,0.9187777182590293,0.7782492329123012,0.6497104584392676
2024-06-29 11:18:23.768506,103.04894083061339,1346.4715067063946,144.69197161118706,1.3820628873040424,10.206937380794516,9.576096240809006,7.194554779801162,0.9208134011757861,0.7763212000971879,0.6514177256001045
2024-06-30 11:18:23.768506,102.91627490265031,1345.967884321925,144.84491383648933,1.3823989095877653,10.213279833713978,9.57532382728479,7.193958040623295,0.9212298810476365,0.7746175397589398,0.6490257070947939
2024-07-01 11:18:23.768506,102.91586067118166,1345.5875446403804,144.957923812461,1.3836926286514182,10.206032590357692,9.580851894807761,7.192852343516677,0.9208608487618801,0.7758552834076023,0.6494084045466016
2024-07-02 11:18:23.768506,102.89987910299345,1346.168387771417,144.8915537038534,1.3823813774594318,10.214172384101008,9.586775154998005,7.194741671342102,0.9221552245298282,0.7713757522077512,0.6520708977148991
2024-07-03 11:18:23.768506,102.87304763488171,1348.1339043742057,144.87052703057134,1.3842575817464142,10.208332591626238,9.604211446017937,7.1942548283287655,0.9214305607064098,0.7724214206472526,0.6553839604016788
2024-07-04 11:18:23.768506,102.888817768303,1349.5169741980296,144.76195468978966,1.3841235976567854,10.20986867915179,9.603542177930212,7.192255802595358,0.9237817980026772,0.7738910363109192,0.6570406273735959
2024-07-05 11:18:23.768506,102.90987030411577,1346.3515093617707,144.54339105685287,1.386032973175823,10.209560531441062,9.613563496231754,7.188593915763327,0.9228296982301657,0.7751245298510941,0.6581028711229139
2024-07-06 11:18:23.768506,102.85659015509333,1343.9400619820142,144.64034668369268,1.3894496886372611,10.20930335510377,9.616319871633808,7.1878557705301525,0.9235977408773665,0.7749833860068571,0.6563865897295373
2024-07-07 11:18:23.768506,102.81227817159557,1341.3640118930573,144.53538830489194,1.3918216277817974,10.217994590983627,9.606511863126974,7.18562935144137,0.9227137299587845,0.7727845107336112,0.6575501028531368
2024-07-08 11:18:23.768506,102.78849149696138,1339.4406358646893,144.3609214349965,1.3901674020201116,10.200573832984002,9.609744675133848,7.1819355918221754,0.9237369258070584,0.7726422912856793,0.6568556295786192
2024-07-09 11:18:23.768506,102.82297561247145,1336.110027047521,144.26594547836513,1.3920101083038519,10.214096672991802,9.613303330766744,7.18574359297982,0.9223893703669251,0.7737142439553559,0.6564261601203808
2024-07-10 11:18:23.768506,102.85103522127312,1332.7536312895566,144.51456743319554,1.3915189852501637,10.197030108829233,9.620112108893585,7.181795545893924,0.922216905053617,0.7760392668250967,0.657547489328005
2024-07-11 11:18:23.768506,102.7857577957841,1330.631477881068,144.5798295573191,1.3908637621587008,10.210281087429491,9.625118336478922,7.185114631968154,0.9232519142112648,0.7761426237812247,0.6565246038827541
2024-07-12 11:18:23.768506,102.72978403270412,1328.883394765212,144.61327414830382,1.3904944119994027,10.216746798398063,9.626496376372174,7.191316868172193,0.9212615422571712,0.7725629563541261,0.6559601741917779
2024-07-13 11:18:23.768506,102.76662590226559,1330.254886343638,144.6245162489934,1.3886897076104316,10.202596142159848,9.61760874344752,7.191529007375873,0.9209263237384681,0.7711205689474908,0.6588273179596407
2024-07-14 11:18:23.768506,102.84535760592081,1330.6151013052997,144.75403632437153,1.3890489560761619,10.20703829849448,9.614594492809548,7.190624817345774,0.9214828177890642,0.7690258672824736,0.6599423850960852
2024-07-15 11:18:23.768506,102.84380385149741,1333.155048456608,144.863613323124,1.387951401405593,10.2047236383015,9.617524423846369,7.1919937296402505,0.9206852892161439,0.7700100889354369,0.6575278209628233
2024-07-16 11:18:23.768506,102.80963152012414,1329.4565509207785,144.66075827529357,1.3896415830917617,10.1937195676705,9.624068373983235,7.190179365233357,0.9200945337854778,0.7705076345726383,0.6564379419700579
2024-07-17 11:18:23.768506,102.86441300505012,1327.6088390713376,144.6210508777896,1.3901243955223768,10.206824691904668,9.632255826487041,7.190581175781643,0.9210551918102329,0.770549315013198,0.6546919377454337
2024-07-18 11:18:23.768506,102.8489341731891,1327.8718538292644,144.5184172172247,1.386168402991072,10.219043730044781,9.635915631696603,7.192145585063513,0.9222784854450352,0.769933560890454,0.6551277033944649
2024-07-19 11:18:23.768506,102.88522178442904,1327.813981104147,144.5481479720536,1.384687301236592,10.223868182733671,9.6423343919884,7.189614267353871,0.9198482171096971,0.7664573697690416,0.6535121430266179
2024-07-20 11:18:23.768506,102.96267536609763,1326.9617344305882,144.53522466647922,1.3831315467734058,10.241807086826414,9.656713162418972,7.192762932906501,0.9184322952363846,0.7657071174859555,0.6533367910256548
2024-07-21 11:18:23.768506,102.9941793572223,1328.7219235733269,144.22542704023905,1.382063144622879,10.244366812348446,9.658814000065599,7.192941935961289,0.9144125774622394,0.7673215070262662,0.6534225742887199
2024-07-22 11:18:23.768506,102.99785401907239,1330.722397656357,144.3980805746454,1.3810349220717035,10.242656699088,9.653490230443587,7.193561452611229,0.9142251146910431,0.7652456442056069,0.654173169021115
2024-07-23 11:18:23.768506,103.03446758676665,1333.517440590424,144.43439777083276,1.3813287264177205,10.257002730644738,9.639320995702503,7.196267490660718,0.915016768362701,0.7633916148468131,0.6543748612472343
2024-07-24 11:18:23.768506,103.00233881714499,1332.410551265536,144.16457626204166,1.3810660539091606,10.250653198702125,9.639697460377285,7.193460885225645,0.9135755616070022,0.7606306955577048,0.654718070176205
2024-07-25 11:18:23.768506,102.99343415837937,1332.2871847896338,144.335691203776,1.379383233617302,10.259850029051997,9.64592600627726,7.190948200917346,0.911622991707437,0.7595487599770127,0.6546651096232105
2024-07-26 11:18:23.768506,102.96473643040886,1332.3490745457036,144.35030197489078,1.3800265504051212,10.272254984279627,9.642188219607958,7.191573787031401,0.9121308900653701,0.75981822281327,0.653383319756527
2024-07-27 11:18:23.768506,102.95451766462575,1332.3259141511996,144.4182122602053,1.3813890812880223,10.27567954478323,9.656989994088681,7.192369268129139,0.9111925172582352,0.7562257141748945,0.6547467241150753
2024-07-28 11:18:23.768506,102.9301929096203,1333.8668983112698,144.41805321657273,1.3813834264495777,10.277954682467296,9.648307423514801,7.191916158414145,0.9141196922238863,0.7565886019562087,0.6548318990752333
2024-07-29 11:18:23.768506,102.92090414342236,1332.867683943631,144.43782283985433,1.3831572046243172,10.284067373191329,9.64456253822766,7.191726975078053,0.9161761751747306,0.7544804173657446,0.653705202985622
2024-07-30 11:18:23.768506,102.90187732258443,1333.301710525781,144.35517445175466,1.3837920958947254,10.287782495709699,9.644115005924597,7.1912568384453355,0.9132400318363472,0.7581590666055799,0.6517542106880594
2024-07-31 11:18:23.768506,102.90632620435053,1329.372214802596,144.09457446191283,1.3829227751968372,10.281998410157334,9.6316505539847,7.189336081299593,0.9141097885626261,0.7572353059192781,0.6519355013526209
2024-08-01 11:18:23.768506,102.90950978742178,1330.765637092672,143.9939356545252,1.3823026938101408,10.24712564765144,9.641655277841503,7.186699935047538,0.9149474369546821,0.757620607765032,0.6534381148420209
2024-08-02 11:18:23.768506,102.92432714282648,1333.8908362992308,144.01537691645217,1.3822900112120886,10.24320706540754,9.634038964933659,7.1852160545657595,0.9158645935631217,0.7542137787424096,0.6537497245467496
2024-08-03 11:18:23.768506,102.99446569880068,1334.6806995220952,144.01483713320067,1.3830799645955494,10.229672317560096,9.622073802586966,7.185476255167083,0.9156658998803862,0.7556793147887235,0.6518534999184386
2024-08-04 11:18:23.768506,102.91712257042056,1335.615629329408,144.10783686953957,1.3833235175704668,10.24080526559214,9.603609911909375,7.186367680484157,0.9133257810170329,0.7555993267858704,0.651158528780286
2024-08-05 11:18:23.768506,102.9819034996607,1333.3975175040719,144.08625521819948,1.3847921245239765,10.237474029669023,9.61263065555446,7.183832849727472,0.9133327751218482,0.7546529374864431,0.6495695760217602
2024-08-06 11:18:23.768506,102.97004097737336,1332.651761425807,143.73530929952736,1.386526921143321,10.241174484127379,9.625195046197856,7.187340923516104,0.9123753117614188,0.7570728517924998,0.6490177565001237
2024-08-07 11:18:23.768506,102.90842366704324,1329.1330538922175,143.83988882057423,1.3849759649141,10.250070953851466,9.614810510903732,7.192083169565972,0.9148895417151302,0.7566661488684839,0.650159323133317
2024-08-08 11:18:23.768506,102.89980267868437,1329.600175925896,143.70812581388148,1.383197257111673,10.261730232878032,9.60028299039434,7.1925022423303036,0.9156052562148699,0.755765275177929,0.6503320673745548
2024-08-09 11:18:23.768506,102.90439459743084,1330.5927078110517,143.49435067099927,1.3830201597906167,10.253633678789914,9.595474155357334,7.190877641746817,0.9173473698690109,0.7581790950281254,0.6501319569431718
2024-08-10 11:18:23.768506,102.95777252028323,1328.7623724676769,143.43663614819798,1.3836916868744316,10.276793902754434,9.595034813262643,7.19051149415579,0.9156155978049436,0.7571796810069619,0.6492337604006648
2024-08-11 11:18:23.768506,102.90469079786963,1326.597882078309,143.2189127618677,1.3850533475617925,10.28740863299591,9.589334256934714,7.192107008529297,0.9154547576105282,0.7581402526000295,0.6485009737589086
2024-08-12 11:18:23.768506,102.91555820826825,1325.671253777774,143.26464281907317,1.3860172801854398,10.295233354952211,9.593814693537464,7.191907116375895,0.9149427353398412,0.7568424861011389,0.6485911475845562
2024-08-13 11:18:23.768506,102.92144918348592,1330.0994957958314,143.11364190902938,1.3869364779262778,10.287331703131766,9.58284969904486,7.195716028666434,0.9134331535035776,0.7547385278615028,0.6456632992698391
2024-08-14 11:18:23.768506,102.83724363883775,1328.954246616971,143.40050377685273,1.385511474232132,10.309077327715938,9.603178025219997,7.195133314114363,0.9125509773746638,0.7573787249657152,0.6448897606331658
2024-08-15 11:18:23.768506,102.77795587557023,1328.456445607751,143.35221642101865,1.3860649064369448,10.317080519684845,9.606470224368374,7.197034736761922,0.9100286373469194,0.7579253611846071,0.641823262947814
2024-08-16 11:18:23.768506,102.8079609758516,1329.463008915161,143.256822030834,1.38507236348177,10.329735306178097,9.61632453585084,7.197978975979128,0.9099880134562734,0.7596662669952406,0.643178089730828
2024-08-17 11:18:23.768506,102.84273933862035,1330.4135652357734,143.14632848370525,1.3856864363149208,10.32804949554346,9.612015638473396,7.20252649018973,0.9083994842415272,0.7612618687695525,0.6414229530426918
2024-08-18 11:18:23.768506,102.89712488162519,1330.6330970574688,142.80552885031693,1.387033397357899,10.348635602786276,9.621401279387992,7.20336491420007,0.9083467756481368,0.7613251708872989,0.6425869997290443
2024-08-19 11:18:23.768506,102.92381596740745,1328.5545325270896,142.6617782152085,1.386002313175241,10.364908504805719,9.637818045936259,7.204334455192747,0.908666136237082,0.762115833175123,0.6401152589853343
2024-08-20 11:18:23.768506,102.94357656805421,1327.5659089631333,142.53491376015324,1.385622358942545,10.365210921924398,9.630392665993815,7.202619108551984,0.9080121809946488,0.7611807231878484,0.6424594078353377
2024-08-21 11:18:23.768506,102.94971994452234,1330.5790155833315,142.47330351366898,1.389329550391885,10.386742456720425,9.631556415138453,7.202109020562963,0.9066642519079667,0.7602203512438268,0.6434410333945302
2024-08-22 11:18:23.768506,103.01017502662701,1331.7630287176617,142.122967721948,1.3881712568970896,10.377347488871337,9.641431529789582,7.199445319053499,0.907609234684864,0.7608127419755786,0.6436298208989866
2024-08-23 11:18:23.768506,102.968021721573,1330.5843836508666,142.11815594584365,1.387392141665858,10.387479421905697,9.645456538970283,7.205972619945691,0.9085177053534446,0.7570212542762268,0.6430405028995965
2024-08-24 11:18:23.768506,102.96092704252219,1328.0610196982766,142.3040981980263,1.3857238018547617,10.395314138391896,9.636909539810619,7.2061025524374935,0.9074961174456837,0.7568050793291278,0.6424973358555681
2024-08-25 11:18:23.768506,102.98019474942711,1328.1888970595392,142.22799644853492,1.3835317835144285,10.403547498717874,9.632135993505583,7.205716086451955,0.9087689717338886,0.7549095745168785,0.6419017196392348
2024-08-26 11:18:23.768506,102.90132003399752,1327.2966722365268,142.20952179253757,1.3850238480514203,10.39759874799699,9.637893116610355,7.205804418208523,0.9045467311270591,0.75476465970315,0.643142723071769
2024-08-27 11:18:23.768506,102.96686721600828,1326.9057559060159,142.2645870302314,1.383983770717355,10.395046969793745,9.641129150821948,7.206634494329202,0.9044955793466675,0.7526921916260115,0.6438956624279599
2024-08-28 11:18:23.768506,102.92722396561945,1328.032802729957,142.13239531547248,1.3830285993353664,10.405852349507992,9.634444301254147,7.207788136289722,0.9049289908840377,0.7548906982720136,0.6451666971567549
2024-08-29 11:18:23.768506,102.9236364950109,1326.9272275363423,142.05576204504834,1.3818006318901115,10.417670485392737,9.637690863429816,7.204226693492508,0.9046114113600963,0.7559588344154329,0.6443767692538979
2024-08-30 11:18:23.768506,103.03147021630124,1327.915591593764,142.1921717005317,1.3775275521582562,10.418087259548043,9.615387970913442,7.206841191817236,0.9018518625539109,0.7546400374350576,0.6438770172125439
2024-08-31 11:18:23.768506,102.9899983536874,1328.9323818082657,142.2123470124012,1.3786461875688112,10.416346353261355,9.616058388870972,7.207012564821965,0.9015787717450948,0.75573645630681,0.6413661665875384
2024-09-01 11:18:23.768506,102.963529752305,1329.0160245534512,142.01640384060883,1.3777908796829341,10.411946905205285,9.62558930743843,7.206935524573385,0.9027420453195317,0.752116722468426,0.6384287285936047
2024-09-02 11:18:23.768506,103.04161493698751,1331.9718575427896,141.73579989270274,1.3776941739730202,10.426288210741856,9.634863199462917,7.210613368396616,0.9029372994091582,0.7493844986738387,0.6385560369883496
2024-09-03 11:18:23.768506,102.98760524572765,1330.9087815049143,142.07741732249738,1.379749182377224,10.425521636158537,9.630486384866426,7.211196377142848,0.9007298352117228,0.7503214949070086,0.6374967236174125
2024-09-04 11:18:23.768506,102.96600236479078,1329.8689277273193,142.1381797217869,1.379511425008786,10.420671405441537,9.632929549676021,7.209635857532751,0.9005971477845356,0.7532451749355692,0.6375361804239441
2024-09-05 11:18:23.768506,102.99180656665753,1331.0191123751936,141.88897204169405,1.3796857568210181,10.402040242467962,9.635123626789943,7.20792856386645,0.9029917665594156,0.7530888516057451,0.6371642726278433
2024-09-06 11:18:23.768506,103.01457620967182,1331.6768622469397,141.9062327075932,1.3799325157555478,10.384526525481398,9.633837085494145,7.209547961495856,0.9046923779730307,0.7543993748965299,0.6365675613330236
2024-09-07 11:18:23.768506,103.0442605198209,1334.1655864547265,142.0036997038393,1.3818500397293831,10.37360603546166,9.625556899618049,7.209712018975052,0.9067503957635665,0.7547243776007445,0.6363305157464831
2024-09-08 11:18:23.768506,103.06278583653523,1335.117412824017,142.01620940698993,1.3797902991087756,10.353360684402398,9.610949326941856,7.210034222003236,0.9064944594059308,0.7576233684425222,0.6331859627613778
2024-09-09 11:18:23.768506,103.13005474012766,1335.876062791136,141.7243045754347,1.3789178157756226,10.349515487082458,9.604462121309869,7.207470221166362,0.9074790717822536,0.7566406473070214,0.6325959231168582
2024-09-10 11:18:23.768506,103.18085184744697,1337.293600896179,141.99610619328666,1.3756041674288568,10.34666938667609,9.59153754454443,7.207845272113688,0.9073067777425503,0.7537465797576303,0.6328326278162242
2024-09-11 11:18:23.768506,103.21061577015087,1338.8292704329551,142.08312581424443,1.3756283386634043,10.336706078720859,9.56956838058797,7.2065303776707506,0.9070503913477282,0.7523039353595975,0.6325677133949087
2024-09-12 11:18:23.768506,103.17647568933246,1336.4011792033266,142.0490212481531,1.3765871134436236,10.332532697820286,9.580563284914202,7.204942758955255,0.9053277487683838,0.7524172536316527,0.6328175996533076
2024-09-13 11:18:23.768506,103.14079769286225,1335.714870910005,142.14943357726588,1.3759332780214184,10.33168598673514,9.564624469066908,7.207585532278505,0.9052489910014972,0.7534053028958603,0.6295272764574776
2024-09-14 11:18:23.768506,103.04538321577775,1333.9676669067003,142.11165005422933,1.3789548066072759,10.313857080716506,9.55653085159698,7.208201772242894,0.906683614109576,0.7521824925932925,0.6304492204296586
2024-09-15 11:18:23.768506,103.07974883320696,1336.5403616412216,142.0572677609515,1.380441518723092,10.3210604094776,9.548273656454487,7.207665176308767,0.9067821269650211,0.7541599168362352,0.6310833208471534
2024-09-16 11:18:23.768506,102.98859835403078,1334.5733137817622,142.19038527040942,1.383412666274337,10.293118683304629,9.528776284772263,7.209712256219857,0.9039280298798045,0.7513720200372296,0.631703502298691
2024-09-17 11:18:23.768506,103.03255404401663,1337.0151718346494,141.88513567738258,1.38367453075055,10.31288769910925,9.52986000668439,7.213555731822746,0.9047091929482061,0.7517239897038409,0.631866796843676
2024-09-18 11:18:23.768506,103.12487228766321,1335.8459989278765,142.0357799148963,1.3864344372867012,10.297942692845702,9.51034109750246,7.210524262331283,0.9029662949178242,0.7498340143364725,0.6324167897708052
2024-09-19 11:18:23.768506,103.07178956747379,1335.1090728052766,142.094575861138,1.3856788225063017,10.29822497175559,9.525526128209187,7.212469394291547,0.9036662135807987,0.7490232453862373,0.6336184735673653
2024-09-20 11:18:23.768506,103.03756533405364,1336.6192795735117,142.2088967080969,1.3863374310032106,10.29455872990506,9.508877983865005,7.213024409555445,0.902382174939052,0.747934723089238,0.6328676546831404
2024-09-21 11:18:23.768506,103.0137546100603,1335.8640821195377,142.3470061423613,1.386564732164796,10.298338680917254,9.498161152669514,7.212902959007436,0.9046426551427827,0.7498330628782661,0.6325718068958528
2024-09-22 11:18:23.768506,103.05527013153831,1338.4368729715795,142.58375763096626,1.3859646954849774,10.290661661921167,9.493674823344891,7.215790226054435,0.9042592166029744,0.7526497968208171,0.633183443740311
2024-09-23 11:18:23.768506,103.01210250572662,1334.2697099480356,142.8035027546594,1.3885218661848766,10.296068498557,9.489498259292315,7.2175488447969,0.9057491684640372,0.7486433739322289,0.6310605930708364
2024-09-24 11:18:23.768506,103.00557543237274,1334.240302542509,142.93847483370143,1.3905775997783043,10.280121434783744,9.486664301900035,7.216671851172212,0.9035457397227304,0.747938786781124,0.6317563037766946
2024-09-25 11:18:23.768506,102.97942105074195,1334.2167609741477,142.87974498245842,1.3895992762321936,10.287785243070818,9.495176003667325,7.21927071533258,0.9031941474124999,0.7484598240021415,0.6305182531311571
2024-09-26 11:18:23.768506,102.9668572045242,1333.8400855019431,142.98571958885424,1.3907150007310916,10.284854635110865,9.506419540689677,7.218926964880814,0.9033128028219597,0.7468011219964058,0.6296278851302791
2024-09-27 11:18:23.768506,103.03142094094538,1331.8997520260702,142.9136519860422,1.3909393000757417,10.28862469529913,9.528387769497607,7.218944601268808,0.9011252823145769,0.74649480952931,0.6284548576331835
2024-09-28 11:18:23.768506,102.98321069828631,1332.5202671043041,142.76911193989784,1.3912626230485683,10.298934453906993,9.516078729813746,7.2163164750329925,0.9001846698063829,0.7462905734481594,0.6286450453462145
2024-09-29 11:18:23.768506,102.98679868699492,1328.368761862647,142.84065556435277,1.392265898311287,10.286814689520188,9.526757868356576,7.216438960587075,0.8992903714515144,0.7476538224267635,0.6267147091043962
2024-09-30 11:18:23.768506,103.00037900180274,1330.239043061949,142.8976171884567,1.3916014351693746,10.280746183289715,9.533892546290005,7.217689225350863,0.8993447476189227,0.7461958218318268,0.6284192963249609
2024-10-01 11:18:23.768506,103.0433123604964,1331.2793721387286,143.08209437669788,1.3919876135274074,10.273062641648584,9.531319721598381,7.217062901205296,0.8993510648080376,0.7475710801217466,0.6274408315297604
2024-10-02 11:18:23.768506,102.98010867654422,1332.2977610519324,142.7580242443106,1.3925431815114,10.272006739281437,9.518649440166127,7.217162172716644,0.8967763880713597,0.7471797474365652,0.6261335281146383
2024-10-03 11:18:23.768506,103.03585219079204,1332.509697452965,142.85247275996628,1.3917289222560598,10.27362220505553,9.543531837517191,7.219786296062372,0.8984394479222156,0.7472572206424883,0.628190356847951
2024-10-04 11:18:23.768506,103.05759104012742,1330.770830705806,142.95838362125252,1.3910626656312215,10.28090388950525,9.556400324422988,7.219521948671729,0.8992880911812815,0.7460751990131588,0.6280101364603295
2024-10-05 11:18:23.768506,103.10130467841971,1330.3667762541677,142.97933805757467,1.392475865846259,10.28304488879426,9.539156435636793,7.218278918829973,0.8982928667084285,0.7458613114347812,0.6255217509336549
2024-10-06 11:18:23.768506,103.10488728343266,1329.574895850971,143.2095961825447,1.392628892000715,10.281386287816465,9.555229849016257,7.22176586271576,0.8996543885753845,0.7460182957351454,0.6254921635229258
2024-10-07 11:18:23.768506,103.0229347020957,1329.6691412118314,143.08044165073062,1.3963122118906037,10.286841542747755,9.560741751512328,7.220356470193291,0.8992153982526566,0.750555611443327,0.6265763934616753
2024-10-08 11:18:23.768506,102.99056957053207,1328.7208385999045,143.13649631870572,1.3996480953507469,10.297221416644836,9.563942596813424,7.2155425747361654,0.8982574848479778,0.7523196958836468,0.6285355602264577
2024-10-09 11:18:23.768506,103.03145804884538,1329.9590840999808,143.08438371991724,1.3986361028218401,10.30697662512194,9.572764038135956,7.212959630560765,0.8961651885319467,0.7530595912117393,0.6298433312493746
2024-10-10 11:18:23.768506,103.03329778654532,1330.8544594218877,143.0870759603752,1.3991902998948218,10.328174370644438,9.567424008724785,7.212459085280513,0.8921407593060388,0.7533303105324396,0.6296883711405543
2024-10-11 11:18:23.768506,103.03086265942694,1333.3857942305224,142.9442064835442,1.3962017121002124,10.321756674788748,9.566842296837956,7.21002216345336,0.8924898070404161,0.7519810848765606,0.6333397610628612
2024-10-12 11:18:23.768506,103.1204392142569,1330.8869906809418,142.92819071353026,1.395265675071864,10.324079592376957,9.577243612562212,7.207716440127278,0.8940964044016836,0.7539953331543696,0.6331089548697004
2024-10-13 11:18:23.768506,103.23053202994711,1331.4868908111007,143.03626486445836,1.3939491188527344,10.310463434891258,9.566276743827776,7.206728959686357,0.8949491664593158,0.7519198189104974,0.6305934943367384
2024-10-14 11:18:23.768506,103.22867868472618,1332.7111069869427,143.06003751939403,1.3928135958214765,10.303457443055116,9.553140719571072,7.206375725969919,0.8958011047947301,0.7506389524844163,0.6333807152733298
2024-10-15 11:18:23.768506,103.3253239561499,1335.1228239328057,143.118289484253,1.3895869029892838,10.309709238676778,9.536746289299245,7.205876217173197,0.898644286727505,0.7522250738601528,0.6353968242503222
2024-10-16 11:18:23.768506,103.22564537958361,1332.9315296881439,143.00702232102154,1.3900068627533435,10.322422426021724,9.545005081787922,7.205869985778161,0.8963630243838987,0.7512057835133313,0.6367639259198355
2024-10-17 11:18:23.768506,103.12319251656015,1331.241649961959,143.25484512032799,1.390237286707132,10.31742036046859,9.534896880345624,7.208101688704638,0.8973700771919845,0.7495286869108433,0.6402573148734599
2024-10-18 11:18:23.768506,103.16654527697612,1331.6108959038497,143.15430701789938,1.3890176754639778,10.322151847238406,9.531863118921416,7.214819284897104,0.9003252912096282,0.754437730660688,0.6416351076390369
2024-10-19 11:18:23.768506,103.15344722331588,1331.7090514066554,143.16314744978192,1.3889029685823455,10.322966072984338,9.527275793951144,7.217256160596262,0.9000935627945106,0.7526545441575963,0.6416800292334258
2024-10-20 11:18:23.768506,103.18239577867043,1331.0646861115138,143.258725282122,1.390304607627371,10.328132502288305,9.533677402609833,7.218643847139213,0.9029735839986515,0.7520567883023535,0.6423155364411972
2024-10-21 11:18:23.768506,103.20822339794778,1330.2411739239203,143.23693814648271,1.3927380509641427,10.33036738444102,9.53770615817341,7.2173002192410385,0.9025051574426256,0.7496766523252603,0.6411712286264736
2024-10-22 11:18:23.768506,103.2037532159229,1328.2004863522516,143.35844559413565,1.3907231080015445,10.325569739314856,9.529876524726868,7.217526211453135,0.9016565206758498,0.7499842823235824,0.6418870596462855
2024-10-23 11:18:23.768506,103.23785970144675,1327.9523770884343,143.3940249325137,1.3931300378358193,10.302881995811136,9.544428191715264,7.215417242492254,0.8988048901511152,0.7518890235856086,0.6407721432589458
2024-10-24 11:18:23.768506,103.24539580190547,1330.5662082748233,143.65980889879626,1.3905232120894386,10.287744469264208,9.549128759587862,7.215410133567206,0.8996984877811084,0.7566038214545258,0.6395032816447966
2024-10-25 11:18:23.768506,103.16878867578984,1327.9695495862554,143.74989099096717,1.3892685037631214,10.291646984457957,9.552983862388372,7.2132302015063035,0.9009806003706703,0.7590042363061109,0.63729743743865
2024-10-26 11:18:23.768506,103.17973210465985,1329.8644207704754,143.81671238938196,1.388666150656644,10.290788847520322,9.548937907323902,7.21545835583869,0.901908169155504,0.76008572132877,0.6372745447778092
2024-10-27 11:18:23.768506,103.18901526738223,1333.4979486038574,143.69991321411456,1.3910003753326834,10.311851602307332,9.545834953185544,7.219760461936361,0.9023047328545887,0.76014450222242,0.6381689618244403
2024-10-28 11:18:23.768506,103.28065409422229,1335.0000900369616,143.77655275321393,1.391909042904501,10.312354759323357,9.5435642193218,7.2217516252770855,0.9034811814251217,0.7623472655498835,0.6374698271359464
2024-10-29 11:18:23.768506,103.22420937415663,1338.606140898712,143.9356185527225,1.3927881383317686,10.321621950747428,9.544055877072998,7.227206112542103,0.9032833471814264,0.7623357029766373,0.6349049105371274
2024-10-30 11:18:23.768506,103.2250592181987,1338.4070283657902,144.0049335777423,1.3951435864317896,10.309717303241044,9.548650273514044,7.224984852488917,0.9007954464801131,0.7635634960738877,0.6334250164278586
2024-10-31 11:18:23.768506,103.2038377769514,1341.198083624882,143.8692282927091,1.3954775148043304,10.295654634116271,9.553275512456056,7.2268122971637565,0.9013108014761727,0.7611674523732335,0.6331315089009774
2024-11-01 11:18:23.768506,103.19719228199584,1341.083429788418,143.79181038480567,1.3947882967262974,10.297717386413595,9.550955376427222,7.226626313928735,0.9022294788956166,0.7623187599599416,0.6325874021174095
2024-11-02 11:18:23.768506,103.28015251288066,1339.9510695989852,143.76212875014446,1.3970024279363291,10.314634321941874,9.549946910256509,7.227027913561741,0.9064162700683344,0.7600236781377773,0.6316641075086907
2024-11-03 11:18:23.768506,103.29908454709211,1340.85806160558,143.77060976847352,1.3966623918741252,10.31876346103068,9.557302500775137,7.224900377952171,0.905838964537526,0.7595461944873444,0.6298056103267247
2024-11-04 11:18:23.768506,103.27585624396794,1344.0299601580257,143.5653185644878,1.3947295665888286,10.315596290705312,9.569625948506657,7.224835302895553,0.9061255004566443,0.7564475241618069,0.6321648045303042
2024-11-05 11:18:23.768506,103.28354830621967,1343.1241110831875,143.85516161487035,1.3920970291182533,10.319726327548386,9.582493687408226,7.224679934239532,0.9035673165251479,0.7543255133275629,0.6321808468658109
2024-11-06 11:18:23.768506,103.32185633723986,1344.5105825779492,143.8449903797825,1.3923292366296998,10.325999063595765,9.582483427855816,7.223302270102967,0.9009680973475502,0.7571630109171614,0.632613678704256
2024-11-07 11:18:23.768506,103.27215495257848,1342.1874508198414,143.86710106474393,1.3951530338289941,10.330577699193235,9.569936880246955,7.225657146227059,0.8992996065506497,0.7578100156515528,0.6327096841339758
2024-11-08 11:18:23.768506,103.25893783614077,1340.5048075703407,143.80469442948583,1.3962726174563829,10.330854698020158,9.57180194567568,7.227235878037331,0.9015641248723839,0.7561633317235943,0.6309659425500094
2024-11-09 11:18:23.768506,103.33604829715782,1342.3181430320556,143.80276697729562,1.3963371020709399,10.320243422591288,9.573722364698837,7.229698899725814,0.9018233284930954,0.7584706982383628,0.632803868696804
2024-11-10 11:18:23.768506,103.3788558994423,1342.5709178211703,144.09853734780225,1.39816775957265,10.308784261364043,9.57478577507778,7.228674826365077,0.9019832661254505,0.7548852364433145,0.6319241249531256
2024-11-11 11:18:23.768506,103.37661576859352,1343.6335585057586,143.95873929055176,1.3958998194758876,10.303622938209871,9.580210454904243,7.227385456478501,0.9012526068362609,0.7548303238486439,0.6315171533614837
2024-11-12 11:18:23.768506,103.35274130714454,1345.7116177128494,143.88390236873244,1.3965453176142781,10.302342033446754,9.575409641895165,7.225063249031618,0.9016578604637842,0.7526397471176047,0.6304831108503386
2024-11-13 11:18:23.768506,103.34503803092267,1343.5744471904777,143.7305121367857,1.3957227265377667,10.289122589040177,9.5768088274161,7.226795958929394,0.9030166009026653,0.7537884812528045,0.6285549821923146
2024-11-14 11:18:23.768506,103.26748405786361,1341.4859406290889,143.65055284982446,1.397801990972589,10.305230794805853,9.55368891092978,7.228808533129694,0.9039522813878572,0.7554234051048213,0.6285732376595526
2024-11-15 11:18:23.768506,103.31463585691829,1342.212943401808,143.88609207349003,1.3965230455301323,10.311281827502317,9.571821401763117,7.228792762344785,0.9038873349486297,0.7549444842609299,0.6271574254990288
2024-11-16 11:18:23.768506,103.33169352884381,1346.669313022719,143.7938948902643,1.3977307266803711,10.305997870506006,9.572345754004859,7.2273877121308105,0.9042035898754588,0.7543192257373377,0.6270344434263873
2024-11-17 11:18:23.768506,103.3386071897097,1346.2547705999943,143.72778095028275,1.3980261469788604,10.313731048648052,9.569326172420636,7.22761807587597,0.9048336968717958,0.7531781724209193,0.6274117853585137
2024-11-18 11:18:23.768506,103.27373605883348,1344.697609398861,143.45658670089563,1.398044301029379,10.338273256091679,9.574757691593083,7.228653951152356,0.9059258748542728,0.7550711497142868,0.6297390411019764
2024-11-19 11:18:23.768506,103.23798793662587,1345.148741530335,143.40489950789097,1.399089071619685,10.340783456749424,9.5724270800505,7.22976792521689,0.9065358331479421,0.7555806747074263,0.6275368264211557
2024-11-20 11:18:23.768506,103.26371191828889,1349.3470179206104,143.44220404632784,1.398884663892824,10.343085400422114,9.565239539309902,7.2292968611060155,0.9061611367583355,0.7592013399274097,0.6296827395237653
2024-11-21 11:18:23.768506,103.27659773734257,1348.5566594355278,143.3710230481392,1.4010539715734307,10.35350223311614,9.573805815497431,7.231615866029372,0.9041058735291894,0.7598797457713522,0.6320997733610695
2024-11-22 11:18:23.768506,103.251761213478,1347.8140580656657,143.31355707187737,1.400732736650763,10.339895335152372,9.574561370248514,7.2342882051371395,0.9043269823532226,0.7602855937336599,0.631330044991395
2024-11-23 11:18:23.768506,103.27701230931602,1348.3015084730137,143.43747073744828,1.3974296985147543,10.33426087965787,9.567838725846302,7.232535471061681,0.9043792436762991,0.7585596371202386,0.6315924050362056
2024-11-24 11:18:23.768506,103.32395146557705,1350.338057522242,143.52027834028812,1.3996126954823713,10.326590900329869,9.57492052870269,7.23322535340928,0.904249635357283,0.7567676586605646,0.6332057092907075
2024-11-25 11:18:23.768506,103.29020045184309,1353.9748535110195,143.50757202842593,1.4016250616896386,10.334388389621871,9.579517600946328,7.233436451601661,0.9036224186663953,0.7581050052921946,0.6316820088470148
2024-11-26 11:18:23.768506,103.26365753983794,1351.5327517457924,143.39206213620392,1.4023865416427137,10.3175108014157,9.583449511631489,7.230870130358907,0.901906690786792,0.7576749826635408,0.6340594061732554
2024-11-27 11:18:23.768506,103.22016444266237,1348.1423493579725,143.16724318587055,1.40448946880492,10.320825904860945,9.580530301048904,7.229782337898215,0.9034870501819593,0.7596520337655412,0.6318524848802549
2024-11-28 11:18:23.768506,103.16240123142154,1347.858267212563,143.42458029643186,1.4055304732022451,10.316031216670947,9.591477948625908,7.230363638230475,0.9024790639420909,0.7608672618821105,0.6326605609543797
2024-11-29 11:18:23.768506,103.20223482376797,1349.4292397283273,143.19357927441445,1.4042637430957758,10.313225170942227,9.582492153034401,7.232834898182514,0.9023523055801296,0.7599220450966925,0.632767206027994
2024-11-30 11:18:23.768506,103.22773622485975,1345.8547699538137,143.2943255206709,1.4011530126933416,10.307676436163833,9.591044160230817,7.231447678086662,0.9016050931469483,0.759291185114627,0.6314345363671828
2024-12-01 11:18:23.768506,103.24467192168416,1345.0919699746132,143.2675692341666,1.3995646754504438,10.322512812497228,9.606441409236758,7.230725186253819,0.8996351245888935,0.7613459324834118,0.6302775212977548
2024-12-02 11:18:23.768506,103.18606591995736,1346.2581908963266,143.15977495340667,1.3991232302260257,10.31390429308164,9.597329374858202,7.230353221782899,0.9006110404088205,0.7631085334057569,0.6301639002931156
2024-12-03 11:18:23.768506,103.13376753722066,1344.8285498951232,143.29660988821232,1.3999043292143667,10.301954973393213,9.599709379911173,7.229550616685369,0.8982253217643634,0.764834439668924,0.6295254600944543
2024-12-04 11:18:23.768506,103.13038410900685,1345.806961512322,143.18783423604734,1.3977421974590785,10.305115360301933,9.581700279711068,7.226692089130083,0.898131598320466,0.7634132846072668,0.6290688027884206
2024-12-05 11:18:23.768506,103.10972362133903,1346.0238896255196,143.38158730817648,1.396362068391778,10.299343739596473,9.582074981093538,7.228440715245275,0.89742403500201,0.7639087220776545,0.6283821525541358
2024-12-06 11:18:23.768506,103.11572776131959,1347.4217374982081,143.22941001006657,1.3986492886889572,10.30451770862105,9.564881888293531,7.228033160001427,0.897368588007236,0.762646021047509,0.6293908634850018
2024-12-07 11:18:23.768506,103.08077917700582,1347.9400662742305,143.30729968233933,1.3975798049537054,10.303969908679958,9.551437975632403,7.228995373895319,0.8957746564083232,0.7669459043287796,0.6296894484897521
2024-12-08 11:18:23.768506,103.11348042111085,1348.96224735065,143.50351236009922,1.3964594364494447,10.304364794650688,9.553447972337278,7.23043067934917,0.8972151317175373,0.7665491657234835,0.6298244285224509
2024-12-09 11:18:23.768506,103.20345442481798,1352.4470611133,143.36072324837457,1.3950062300877224,10.304939885619694,9.564326598613404,7.229599093535987,0.8990744082462598,0.7667189909868098,0.6302655908642596
2024-12-10 11:18:23.768506,103.28078472957364,1352.5307407243606,143.6810343866886,1.397453352456656,10.287944111749102,9.569386044743881,7.227668900734985,0.9000416251953709,0.7663968074273139,0.6307289578657893
2024-12-11 11:18:23.768506,103.36127842882075,1353.8876795555484,143.81376948144487,1.3986372573838586,10.267669421080278,9.567155287194216,7.226304522238287,0.899222232405252,0.7650080446357839,0.6325871036263158
2024-12-12 11:18:23.768506,103.36482941783423,1356.1336493340564,143.48355524638913,1.3999766238308742,10.287886149292277,9.559225959033332,7.225314943825291,0.8971345749323533,0.7661485282757883,0.6326702454210346
2024-12-13 11:18:23.768506,103.41090817940369,1355.8524102107951,143.69690482263024,1.4024680351960501,10.276091170338391,9.559365183790792,7.223678802819099,0.9001000006785944,0.7652841980991584,0.632938643560671
2024-12-14 11:18:23.768506,103.39206668727613,1355.135375441632,143.9886716308803,1.4039146237365085,10.28130120009872,9.58364836560083,7.223097269250551,0.8970701737801254,0.7656243142443032,0.6320067263147321
2024-12-15 11:18:23.768506,103.43806581443313,1354.5112067931125,143.95276697889807,1.405934413345496,10.270004175234083,9.597901389630856,7.22025244621417,0.895164416495929,0.7667035614285782,0.6300696826058796
2024-12-16 11:18:23.768506,103.41914468671933,1352.7748401020713,143.92710525071342,1.4064800103416715,10.269081349681715,9.58440892596097,7.219370779364493,0.8956009849241168,0.7669148860902827,0.6289741152563991
2024-12-17 11:18:23.768506,103.39469591496056,1356.304613971387,143.98678531602707,1.4077893914003916,10.26639107294252,9.577173411313535,7.218191357735755,0.8962848851771668,0.7663847103562966,0.6286148591188163
2024-12-18 11:18:23.768506,103.36247622411227,1356.949222307677,143.70368103796773,1.4087315369064528,10.280935530048248,9.562647711241905,7.218729305490187,0.8944373004465132,0.7677373205956115,0.6266678798887917
2024-12-19 11:18:23.768506,103.39743326595583,1360.932596582963,143.7306413343613,1.4097811032602685,10.278835922665293,9.568225061211368,7.2197743251457505,0.895058531088095,0.7679087233485907,0.6282326446011504
2024-12-20 11:18:23.768506,103.41120359883134,1362.603399307345,143.87507926614924,1.4080022352624855,10.263369286926247,9.5652255839114,7.223468970645611,0.8928697708331936,0.7658342510282286,0.626748106686846
2024-12-21 11:18:23.768506,103.42051986586536,1363.0426775689004,143.79556401111395,1.40766560118873,10.249048728624965,9.549634930683641,7.225929904062893,0.8938644857507696,0.7618583810883928,0.6269009654925298
2024-12-22 11:18:23.768506,103.36352958325341,1362.0419753048511,143.96697267802764,1.407102697821497,10.252035458592447,9.547775899412011,7.227384413041515,0.8944046694720302,0.7596674882388739,0.6258523986952982
2024-12-23 11:18:23.768506,103.37061982778,1362.7927375620081,144.30343761158386,1.4061070784312852,10.260740252264075,9.54278345379278,7.227476550166445,0.8943305405687799,0.7598215085884386,0.6260962565585844
2024-12-24 11:18:23.768506,103.29858386010164,1362.0393490299118,144.01100779272198,1.4060299265084555,10.280888739776591,9.531977719746147,7.227700277925334,0.895896677240414,0.7620813426531817,0.6271738016422429
2024-12-25 11:18:23.768506,103.37240950131218,1364.756440739904,143.74138576534142,1.408752787018621,10.302213544870948,9.528296120118544,7.2285455526219105,0.8963456775928373,0.7608454971904262,0.6290857845784281
2024-12-26 11:18:23.768506,103.3658318271468,1363.2989599456375,143.63808302401875,1.4101658425079366,10.287918977976977,9.536956935435578,7.228197157832481,0.8927957131764535,0.7609990601025142,0.6272921980146018
2024-12-27 11:18:23.768506,103.37555328723302,1363.909511639168,143.73681627111745,1.4102957613813292,10.28669831624402,9.52746942548839,7.228385504523288,0.8939518115202155,0.7589722750965501,0.6287419489501536
2024-12-28 11:18:23.768506,103.37029582457345,1364.8694654771346,143.79771279783142,1.4107877144245002,10.274407160705584,9.52374348014241,7.226778551733682,0.8943425387177116,0.7603048023996448,0.6277699318650656
2024-12-29 11:18:23.768506,103.29109769561768,1363.6945726177316,143.66234513966648,1.4128978837870991,10.277174255854979,9.509262190410826,7.227656832548506,0.8957739707234574,0.7633998497100047,0.629835133712021
2024-12-30 11:18:23.768506,103.22250901133897,1362.6440121254282,143.49411236687067,1.4110441636096054,10.285201311738868,9.505008338899462,7.225947422340046,0.8954245576422099,0.7617161127703242,0.6277582482765836
2024-12-31 11:18:23.768506,103.22109309442672,1363.8066383999133,143.38663707357523,1.4116121346866752,10.26679512271627,9.518724476985374,7.225114688547306,0.8965691163527304,0.7616945323878581,0.6267481455031721
2025-01-01 11:18:23.768506,103.2957166693988,1365.8994906871624,143.64586866736832,1.4140995376643248,10.27534720499145,9.524161964738441,7.224137657526766,0.8960676853305712,0.7653745942209625,0.6265793423154044
2025-01-02 11:18:23.768506,103.2399548085941,1365.234446553506,143.50497760092074,1.4167952741243641,10.282552146065216,9.51691638811495,7.229393796679071,0.8967390674247288,0.7644882845691839,0.628334688863131
2025-01-03 11:18:23.768506,103.20468410730082,1364.975850678358,143.4203323340501,1.418133126397895,10.279964776128109,9.510790378351906,7.2297672120568715,0.8981151438660573,0.762916251119669,0.6283901698875212
2025-01-04 11:18:23.768506,103.20232247857531,1364.1350247855707,143.56721425389156,1.4189447875973953,10.273902374704576,9.52342029773162,7.231860058313364,0.8973213514028644,0.7628934598789275,0.6299172352369043
2025-01-05 11:18:23.768506,103.11795844820236,1364.309944654406,143.52946155964082,1.4161862708386368,10.290537960501164,9.522090265380676,7.229483435938164,0.8964064330612206,0.7634633172075538,0.6303970055966478
2025-01-06 11:18:23.768506,103.0330913424445,1363.2606784716545,143.3824563527775,1.415084732068001,10.289003361151895,9.516944159071643,7.230777534194652,0.896523267305,0.763018743503207,0.6315167661957057
2025-01-07 11:18:23.768506,103.01251864533162,1360.3791149913664,143.60157635968056,1.4149917017160698,10.278031264727455,9.528560509948829,7.2303236748279165,0.897757617460313,0.7629125799056233,0.6312679382537008
2025-01-08 11:18:23.768506,103.01025488817726,1359.97229441389,143.65521999907065,1.415533559857008,10.279116737060997,9.524619011226692,7.232332022480186,0.8983601730194709,0.7649050234593232,0.6307880878786825
2025-01-09 11:18:23.768506,102.99069623154392,1361.0182473906655,143.55481326779716,1.4161236843805693,10.289494402438885,9.517537620894233,7.231683027738241,0.8986597297403754,0.7632388302480818,0.6308325118097746
2025-01-10 11:18:23.768506,103.06740734903981,1362.6172242141884,143.50033833155868,1.4126322612109155,10.296376714478129,9.521920438978388,7.22951323040786,0.8997408359738266,0.7653047111643534,0.6307629592760418
2025-01-11 11:18:23.768506,103.05919770167364,1361.0907670917109,143.6445440198103,1.4117876281196344,10.276683326445635,9.5091339681126,7.231186034277048,0.9003591126628908,0.7641923394786044,0.6300697771087213
2025-01-12 11:18:23.768506,103.07721603433137,1362.7914284086276,143.5933673477579,1.4121706824410967,10.262995355456763,9.505147422479071,7.231411737145981,0.8988790675805323,0.7658862664772954,0.6294478795196845
2025-01-13 11:18:23.768506,103.15711852937298,1364.9974636721206,143.63660863136465,1.4109766954251688,10.258823271507605,9.497689415431147,7.228902170426191,0.9009492832543494,0.7681443734288091,0.626603431967318
2025-01-14 11:18:23.768506,103.24230462052984,1367.269288750668,143.77531052029354,1.4106002738193064,10.260264641653377,9.499598441307938,7.228842444439527,0.9029220774803035,0.7683346878631641,0.6241417500440982
2025-01-15 11:18:23.768506,103.16282862582361,1369.2090520530512,143.93043559607605,1.411334372392251,10.261692496247825,9.498982309309802,7.227073896579946,0.9045756585278958,0.7674983674405164,0.6227813078061831
2025-01-16 11:18:23.768506,103.14396629997835,1368.5324174983514,143.6577357400708,1.4117591094423327,10.249018439658666,9.518008742599182,7.2286104139828735,0.902094679938052,0.7654689833237233,0.6218710348468016
2025-01-17 11:18:23.768506,103.20209157545818,1370.4557474866128,143.58914481975322,1.4119851175040696,10.258172293853304,9.525576107290627,7.228917716275334,0.9040068773694444,0.7629456442826986,0.619908283242078
2025-01-18 11:18:23.768506,103.13314864009132,1369.3054583750302,143.5439843930765,1.4130574705166687,10.26285712581495,9.526506791465572,7.229782881042181,0.902439313754948,0.7641976434291878,0.6227409618868562
2025-01-19 11:18:23.768506,103.08694885610052,1370.6592446408467,143.56497671487128,1.4147192352977946,10.24698922313943,9.53296910367776,7.228013895654767,0.9024976989665331,0.7610812367003889,0.6211167242753896
2025-01-20 11:18:23.768506,103.02207318660665,1372.097302091679,143.6870035420357,1.4142418920736373,10.237286125285694,9.531500039305374,7.230852888421211,0.9022743536876792,0.7610190987581429,0.621545160509421
2025-01-21 11:18:23.768506,102.95397647521045,1372.2853304653072,143.86928442431778,1.4126179618863128,10.236100326894997,9.534892981393128,7.2298358354863055,0.904781992227674,0.7602350862418714,0.622696102909352
2025-01-22 11:18:23.768506,102.89726720670703,1373.0662319288297,143.80712833074284,1.4115297936461972,10.220773393569077,9.541599825105324,7.23059027483074,0.9062920773268108,0.7619609865052905,0.6213421646942625
2025-01-23 11:18:23.768506,102.90610934429935,1371.8332211066618,143.64671424129733,1.4107502448801397,10.221006537911464,9.547095916446803,7.230257712109043,0.906332991601178,0.760933319095449,0.6220041360299117
2025-01-24 11:18:23.768506,102.96955562007328,1373.8300870213604,143.68258207822794,1.410647856216515,10.222670389892308,9.562134963968571,7.23056543501678,0.9071007173639773,0.7632491462374819,0.6217310742732136
2025-01-25 11:18:23.768506,103.04595676392128,1372.7194504683941,143.5993797764631,1.4083404875486478,10.218238535453343,9.568628006282722,7.228256284143212,0.9062511145410789,0.7629533537242018,0.6202273341251487
2025-01-26 11:18:23.768506,103.04655116309289,1376.7207765473472,143.867501466059,1.4071565792601952,10.223996149195036,9.562378094624485,7.228564034933358,0.9047007731116256,0.7666352549673002,0.6213647177181097
2025-01-27 11:18:23.768506,102.94802256876059,1377.7133824958278,143.9290708365559,1.4067425185925275,10.242135343467403,9.565939997295871,7.229513415334981,0.9057367105098348,0.7659542085330354,0.6228337405942918
2025-01-28 11:18:23.768506,102.9451909394995,1375.0232048288583,143.94511770968674,1.4087539396553375,10.235501184796533,9.555452280929693,7.227095991050791,0.906947902842327,0.7651932144643444,0.6268247589888721
2025-01-29 11:18:23.768506,102.92823081874697,1370.1222186068899,144.10300876666363,1.409509515900726,10.240255402570849,9.57667338663727,7.229325857013576,0.9070729803028198,0.7633639483579943,0.6284368312107178
2025-01-30 11:18:23.768506,102.94584687487095,1372.7527268592542,144.0118610922301,1.4092531300780262,10.235720053210219,9.558677676330971,7.22747957909636,0.9094881307688177,0.765459886767511,0.6268390230677355
2025-01-31 11:18:23.768506,102.93942621925886,1371.211173599779,143.9682075705314,1.410554584334541,10.251120541890307,9.558233204237041,7.226509292405677,0.9122604643676632,0.7646484949307988,0.6284490675496405
2025-02-01 11:18:23.768506,102.84962056447343,1371.1787562367504,143.94982478837528,1.4108003962406326,10.263694169113244,9.56413176164987,7.225383496779434,0.9116956995607669,0.7663786776842597,0.6259565648338493
2025-02-02 11:18:23.768506,102.87028473677381,1369.153969742641,144.0563327508695,1.4111270755491176,10.26368982632513,9.555525559474047,7.227872345503927,0.9121966204593112,0.7656045901824677,0.6253687696285248
2025-02-03 11:18:23.768506,102.7668929649368,1368.0977139317533,144.26085199579722,1.4127083621143943,10.257518473264295,9.551989884716702,7.22698475104605,0.9130559823743927,0.7630941985719605,0.6216562378344903
2025-02-04 11:18:23.768506,102.7323874042233,1366.57437311244,144.38812124476829,1.4131932052920693,10.265381516790864,9.563057677131953,7.226268215969259,0.9103344921301398,0.7655463089440487,0.6227030245589287
2025-02-05 11:18:23.768506,102.7479749399051,1367.885534880911,144.510692675222,1.4134027215493004,10.264759801985006,9.551512366239873,7.227078076618869,0.9121922207551816,0.7676569892764155,0.622703809346558
2025-02-06 11:18:23.768506,102.76549326824978,1367.539566960091,144.4854149750615,1.4144682943702163,10.252456346649375,9.561476774133522,7.227529552120922,0.9138079702879672,0.766918441607556,0.625315647069329
2025-02-07 11:18:23.768506,102.84406066854777,1371.1977280384945,144.55028182332424,1.4136281378253033,10.242388612704687,9.55981726804708,7.2299848856917,0.9145406777974335,0.7685783796213277,0.6266343234494512
2025-02-08 11:18:23.768506,102.72593998889037,1368.456829875378,144.52397710359938,1.4136817415989247,10.240766131571979,9.556843900700493,7.22928631209487,0.9146589556922672,0.7651333077522351,0.6260294802188969
2025-02-09 11:18:23.768506,102.74293919934006,1371.0005577222908,144.7068878054965,1.4105068282029878,10.262572547598323,9.57739516015488,7.2282126382041065,0.914261773581285,0.7664702495960344,0.6268333242795502
2025-02-10 11:18:23.768506,102.77740821661422,1371.4197978387049,144.62088770012005,1.409864821786058,10.273550652883351,9.585871868835678,7.226765519213437,0.916487407754042,0.7658799916017406,0.6279988729453181
2025-02-11 11:18:23.768506,102.76104750978024,1372.1938173159149,144.61861426699923,1.412169015619266,10.28746636837509,9.590442163289305,7.225310744637285,0.9157291010217028,0.7663257561816557,0.6267435755611602
2025-02-12 11:18:23.768506,102.79294908599896,1369.7427009850496,144.66346633238675,1.4116179921484813,10.296955407798668,9.58854353267879,7.226882152693671,0.9165034287925903,0.7658490738974941,0.6257010325215346
2025-02-13 11:18:23.768506,102.73784915445287,1365.9576369741053,144.79032917083288,1.411607355864272,10.310843039069278,9.591002084272658,7.22803858240593,0.9165499950691267,0.7661247548643876,0.6257280783109332
2025-02-14 11:18:23.768506,102.77070053345979,1368.2698190958765,144.6894940800231,1.4109635908328417,10.325978665346563,9.58995318051784,7.227491082132474,0.9186563669702226,0.7656901814084495,0.6225558256245712
2025-02-15 11:18:23.768506,102.79761129580208,1366.4098522641034,144.66344655591215,1.4094116097987823,10.314908292766855,9.60898798141097,7.227351566913302,0.9210317668286754,0.7647601382702197,0.6194848382457988
2025-02-16 11:18:23.768506,102.74852981311585,1365.2333285746486,144.54816650085988,1.4101380889555477,10.321060238606325,9.611670023857238,7.223035368768,0.921410195487561,0.7645184857270518,0.6195623001715294
2025-02-17 11:18:23.768506,102.71519782245667,1364.2792750077394,144.35450664366402,1.4100983677939092,10.32741014429367,9.604966789178768,7.224837741417268,0.9216000107100876,0.7648545287407607,0.6191583378673806
2025-02-18 11:18:23.768506,102.7057066256667,1362.5646801043786,144.5266912703592,1.411732725402215,10.332417115909376,9.600586269551977,7.225879598872305,0.9199579731236593,0.7663883021260927,0.6183029235189047
2025-02-19 11:18:23.768506,102.67290235799715,1362.554365177873,144.60418218646475,1.4103936235138657,10.336657138921263,9.605366115912604,7.221756217657047,0.9185519048651031,0.7667390585066168,0.6216120689108653
2025-02-20 11:18:23.768506,102.72512221210565,1360.6627034739483,144.386546903855,1.410446822285041,10.3113991176564,9.594968594232906,7.220761696596681,0.9192332275377355,0.7655886638196405,0.6218718493674417
2025-02-21 11:18:23.768506,102.7338805854017,1358.6463966360307,144.2478073306453,1.4099322928176157,10.313266219086016,9.588043204967422,7.2206994099539035,0.9200261751676103,0.7652442920322381,0.6236002353722117
2025-02-22 11:18:23.768506,102.79961725196434,1361.1115468571538,144.33965490890654,1.409044041285879,10.299687130785417,9.57254910510855,7.223724337690845,0.9202041112666699,0.7646050310300839,0.6239829320056632
2025-02-23 11:18:23.768506,102.8583797303065,1360.3855920616168,144.2562180132482,1.410666896035956,10.309308595597662,9.550004933229625,7.224377915509351,0.9185329184903952,0.7679314002878656,0.6239264535461436
2025-02-24 11:18:23.768506,102.86142208089554,1361.7706772377544,144.1056289711622,1.4095646975091012,10.304137845682856,9.573570691667452,7.227021300312375,0.9172149482966814,0.765655458874832,0.6232066990903308
2025-02-25 11:18:23.768506,102.85176685194305,1362.8598493976092,144.30163370225566,1.408478921478153,10.301394276590049,9.572154040204977,7.230332095218961,0.9129883679465499,0.7659755995496041,0.6209534509119807
2025-02-26 11:18:23.768506,102.80443406918782,1365.0325227854098,144.23623125787094,1.4122764947894855,10.300836037917096,9.590783813012836,7.231935466198267,0.9127867990295782,0.7639081270882541,0.6209169869781035
2025-02-27 11:18:23.768506,102.76420353796512,1365.3783163562698,144.18788187449954,1.4121689544513796,10.28032854477259,9.597301090957467,7.230167043311021,0.9090022251227131,0.7648356071807347,0.6201158003315694
2025-02-28 11:18:23.768506,102.72414398205895,1361.6110879327446,144.27995843791044,1.4118612361006029,10.278580013508154,9.601063317012178,7.227628545937023,0.9060788457268785,0.7637911431933342,0.6211654928232607
2025-03-01 11:18:23.768506,102.74153650895549,1360.6596833539745,144.18002577153015,1.4125580659167745,10.26584758678606,9.590797464574292,7.22718319787214,0.9045174506158228,0.7638016167169294,0.6200080464626118
2025-03-02 11:18:23.768506,102.69735321818418,1359.3966154353288,144.190243355017,1.4110499296887107,10.275412349192617,9.591249451160309,7.228881974813644,0.9058596676433522,0.7627131472741959,0.6188300238170765
2025-03-03 11:18:23.768506,102.70128613227142,1361.6605760729544,144.22138197070853,1.4115813032137998,10.27006068755888,9.593818819294096,7.229898227891487,0.9039383972639276,0.7642134135350014,0.6188802071370688
2025-03-04 11:18:23.768506,102.7109155886831,1362.4033114447027,144.3401010595135,1.4098136717953993,10.25862305418946,9.585615734633903,7.227433095998969,0.9047078449736544,0.7663883868345209,0.6164312779946577
2025-03-05 11:18:23.768506,102.68610387318721,1361.232618027124,144.23526923257984,1.4091045713254768,10.271012916834938,9.593687416471559,7.22903943464287,0.907420178237258,0.7674711457443677,0.6151502924965844
2025-03-06 11:18:23.768506,102.67679264596732,1361.908273944114,144.40480242914612,1.408248176448417,10.267987199779784,9.607004009442484,7.227383625887471,0.9083008916773657,0.7689525979278848,0.615057705656087
2025-03-07 11:18:23.768506,102.74906114138582,1362.1356526952825,144.46251192657553,1.41027768034719,10.25819261896272,9.612691586094227,7.226756610107571,0.9089777383077196,0.7696365373029904,0.6145693857210456
2025-03-08 11:18:23.768506,102.8296602173949,1364.0921246432831,144.7387579782478,1.4112329845395422,10.257082331644247,9.615791238537653,7.22894925740994,0.9069946012962026,0.7641866434196036,0.6140527846935192
2025-03-09 11:18:23.768506,102.79052856616535,1363.8992139659547,144.77824019590605,1.4140105058602066,10.25506052046842,9.599519418734088,7.229358547250037,0.9062904001202909,0.7622562904064055,0.6141841090702733
2025-03-10 11:18:23.768506,102.78079789395804,1365.778580375882,144.70399127501406,1.4165327303051691,10.257353144926418,9.628457215522282,7.228449416454559,0.903586570656672,0.7627374693386723,0.6144875781870269
2025-03-11 11:18:23.768506,102.76219129158456,1366.1590794400067,144.62937319763756,1.4155098183978125,10.247234390938555,9.637013817457841,7.227070249445695,0.9043069734642563,0.7619112307386394,0.6181975926533205
2025-03-12 11:18:23.768506,102.7484029643203,1367.785907363894,144.4647416145019,1.4163090758819372,10.257895402714244,9.626117301601571,7.227363805093592,0.9049170152747406,0.7592322311614812,0.6180176589450534
2025-03-13 11:18:23.768506,102.82515985611441,1368.6876793883534,144.46921408161134,1.415665151318446,10.261081625260012,9.615458576108823,7.228071947355189,0.9068349263025065,0.7555523421370003,0.6168064583852818
2025-03-14 11:18:23.768506,102.85948258803361,1370.3813883802236,144.46445361821512,1.4147221641579992,10.277327409369263,9.609632320466245,7.22792868462101,0.9067235192636159,0.7541990825680502,0.6183199651277557
2025-03-15 11:18:23.768506,102.9224783738288,1370.8644536552847,144.603895834065,1.4165293462972002,10.282918806410821,9.600550743179177,7.226529908027699,0.9070280215935697,0.7570482315106537,0.618908802573258
2025-03-16 11:18:23.768506,103.01132234823292,1373.0892704731887,144.62116833939825,1.4186933486994846,10.27306946688767,9.6018849273119,7.227626584651936,0.9055575919053725,0.7553687890256098,0.618624866480995
2025-03-17 11:18:23.768506,102.98930667322591,1373.2283899314918,144.49857956331854,1.4188941069856724,10.283665019333869,9.59413864816142,7.229485135228301,0.9060100635702246,0.7574223839562024,0.6209202031929113
2025-03-18 11:18:23.768506,102.97994630971802,1372.892973912603,144.65709786402638,1.419407942793369,10.281065470059978,9.596339907510687,7.227388740188816,0.9076610471028056,0.7559791819389302,0.6183339598635413
2025-03-19 11:18:23.768506,102.98196663885012,1372.1621562672385,144.5961177543825,1.419854890198679,10.28208937334001,9.592706208481333,7.228846693044067,0.9082468933090251,0.7573588537617468,0.6188558969854763
2025-03-20 11:18:23.768506,103.0332684629024,1372.2850807499021,144.6401687413256,1.420348717235772,10.257444125278004,9.590913962944915,7.227779261433799,0.9093145217500962,0.7581442052033351,0.6182925645128016
2025-03-21 11:18:23.768506,103.02871857254554,1373.0829114357693,144.8634595380666,1.4208857712475484,10.244887537123073,9.579871199231656,7.227429811093783,0.9093318679908812,0.7564176025730563,0.6187947154301308
2025-03-22 11:18:23.768506,103.06100788884052,1369.3451706261997,145.05854600538527,1.4193767080133712,10.25863180086535,9.582566213554646,7.229522178002097,0.9099399585502536,0.7550050213835116,0.6192794110559238
2025-03-23 11:18:23.768506,103.11942332068956,1372.2794476180397,144.9516525170339,1.4203064801175587,10.269683793072844,9.586126341322666,7.2272114742663325,0.9100289084825479,0.7537096166635859,0.619785574565142
2025-03-24 11:18:23.768506,103.1775848367402,1368.7160306996539,144.9374345881235,1.4192828432893203,10.252085685613714,9.57879479559216,7.2271261960994675,0.9086571588218291,0.7546652677179605,0.6208901626181188
2025-03-25 11:18:23.768506,103.19991878131079,1368.6426438718706,145.14231298632603,1.417503642277201,10.255437132655796,9.562976246463004,7.230702156789882,0.9084648011235182,0.751768577511091,0.6198612527797046
2025-03-26 11:18:23.768506,103.1604830099177,1367.5762783212826,145.2933978879226,1.4172993871775519,10.258917437858372,9.564404448492406,7.233803859739061,0.9095064304281111,0.7515476229565732,0.6190440759521688
2025-03-27 11:18:23.768506,103.08277790501096,1367.974762173691,145.37770198122038,1.41771069910119,10.271454249029485,9.54707479661538,7.232845200694286,0.9099557333520997,0.7502795518187562,0.6204713470883985
2025-03-28 11:18:23.768506,103.13885955907885,1369.0721320313785,145.51374966251845,1.4189806455240168,10.260572240708056,9.539836452563534,7.230849191631225,0.9097236206305893,0.7532293113481378,0.6204925206452949
2025-03-29 11:18:23.768506,103.1616895559389,1369.2683545867685,145.19055605274437,1.419557037557189,10.243180465686725,9.54524289289056,7.233573659841394,0.9083683973252642,0.7508875748657077,0.6199571364180902
2025-03-30 11:18:23.768506,103.11481576184731,1368.856895837714,145.14783062237004,1.42000401139156,10.246332049709245,9.558627666754319,7.234240191990296,0.9090940790283856,0.7514255572038725,0.618519959624509
2025-03-31 11:18:23.768506,103.08956195294866,1370.2570954519565,144.93238921610282,1.419009619414035,10.239753394194807,9.556457770930603,7.234977822056374,0.908259163388715,0.7516710126469223,0.6185128004482322
2025-04-01 11:18:23.768506,103.06712192800293,1374.2017155395592,144.8372312198593,1.4196127237149996,10.233902904631616,9.560492900085489,7.23206501930176,0.9079012784097003,0.7541416346123312,0.616793463330155
2025-04-02 11:18:23.768506,102.98337447794258,1373.875465151144,144.77988968000193,1.4199348482621195,10.224977309688931,9.574144517066586,7.232449932812766,0.9088073709500437,0.7558767633195647,0.6190461978288634
2025-04-03 11:18:23.768506,102.99595178262976,1370.3195873288669,144.85113869844906,1.4203757521686637,10.237484832508745,9.564155568693396,7.229546450347018,0.9103612850698176,0.7530091822465427,0.62299606355376
2025-04-04 11:18:23.768506,102.95659982568262,1369.0927893576843,145.02742583062286,1.4192591843714764,10.22891433140563,9.560393099231232,7.229184532461835,0.9094782673341177,0.756012412507271,0.6239610188721608
2025-04-05 11:18:23.768506,102.94187948902072,1369.6716655113828,145.14469718071058,1.4218152073351498,10.238664747065593,9.563885405703038,7.233064448895582,0.9088446705611626,0.7552283290470183,0.6229095477026075
2025-04-06 11:18:23.768506,102.97886452430232,1376.0819141675809,145.1842325214323,1.422952556513344,10.244946986214496,9.577830754540559,7.235749079718963,0.9099246154916604,0.7560110341012065,0.6245048638009059
2025-04-07 11:18:23.768506,102.97408272903782,1374.6467710140619,145.1284884635667,1.4239751328772223,10.238470711899101,9.566418242810514,7.239119564287461,0.9094624941490005,0.7516379540566027,0.6223179669325194
2025-04-08 11:18:23.768506,103.0012353888053,1374.3028610982958,145.3187188526507,1.4241178837178934,10.248379495131468,9.554727554598523,7.239412368600836,0.9119827863773494,0.7542306995561048,0.6233316792855538
2025-04-09 11:18:23.768506,103.02235465074126,1375.5628793913768,145.35542355693894,1.423692120966835,10.261198673876805,9.56501023608809,7.240373725341103,0.9134048398140187,0.7543241859166012,0.623198641869763
2025-04-10 11:18:23.768506,103.02393810709007,1376.1637842799146,145.08485241976075,1.425089626750106,10.264929246465448,9.577671856968161,7.239774365523918,0.9135068341428987,0.7544448248174834,0.6246916766907993
2025-04-11 11:18:23.768506,103.02637965590105,1373.8101296929974,145.07076699703057,1.423100461202648,10.262752782613934,9.571814158083697,7.244012723836487,0.9118585220566656,0.7536055683265003,0.6239703155624454
2025-04-12 11:18:23.768506,103.11946032371358,1376.6318928678706,145.1413537217734,1.4224066700903781,10.2704983144144,9.572899269256464,7.243158526884172,0.9130659129398683,0.7557056208955057,0.6243668992257239
2025-04-13 11:18:23.768506,103.11092652908275,1374.1605621342721,144.9908841840723,1.421965298750586,10.26317632491512,9.58308563459022,7.2404879544589145,0.9133203182603687,0.7504530452280767,0.6260484228350531
2025-04-14 11:18:23.768506,103.19231013130704,1374.6573593739622,145.01851538784982,1.4228195579155316,10.268298804311017,9.581314055605034,7.239735176421453,0.9110471477724876,0.7500150175915454,0.6258318612864708
2025-04-15 11:18:23.768506,103.14661009615033,1376.4935291187799,145.24084078588754,1.422349763011971,10.283838248330982,9.562454760883409,7.242040308162533,0.9096742309383372,0.7482060447431118,0.6280443598287705
2025-04-16 11:18:23.768506,103.18308013075871,1374.5573223748363,145.1956949382698,1.4244781534428217,10.270529155941643,9.564932457462522,7.241153277180989,0.9093621495299188,0.7478088934026175,0.6276790172684749
2025-04-17 11:18:23.768506,103.19162540213338,1374.0399647047386,145.18068487270114,1.4218307275638586,10.2525986501541,9.574848591190413,7.241713376604858,0.9103080473311013,0.7503082255719722,0.6276301203681847
2025-04-18 11:18:23.768506,103.15516268030684,1376.6086169920757,145.1670125240663,1.424176521005188,10.260060192887012,9.562363887077073,7.238994288466944,0.9072943784579407,0.7484090177099084,0.6300137098037245
2025-04-19 11:18:23.768506,103.02278945402874,1374.5510751594438,145.01221920878797,1.4246457342674599,10.251366799976465,9.57580573058335,7.237822836182461,0.907029081215927,0.7478979498221218,0.6296272926697272
2025-04-20 11:18:23.768506,103.10253568976599,1373.6204358622558,144.93233797867623,1.4260504628631816,10.24694913261358,9.572850495412613,7.235316298497447,0.9071441536034587,0.7454671500511301,0.6297513039082798
2025-04-21 11:18:23.768506,103.04477548738053,1371.879428521539,144.77144031651488,1.4252702808080036,10.24860429278723,9.554910829067,7.2331715974628406,0.9103702032749219,0.7466700898878269,0.628889308132105
2025-04-22 11:18:23.768506,102.99662278483498,1372.8072339824985,144.71809613623128,1.4268181455651783,10.242546079331339,9.55726349481693,7.232772162045351,0.9106619936368141,0.746337420039095,0.627731620422513
2025-04-23 11:18:23.768506,103.00310428544977,1370.060597617397,144.58694763002237,1.4263182719291605,10.243938578039863,9.54204278434319,7.2340514639538664,0.9108781440018765,0.7482808407933881,0.629759304613244
2025-04-24 11:18:23.768506,103.0059612426147,1368.9546165189217,144.72218623416816,1.4266936504954053,10.23422717621014,9.556063610572897,7.238035607649765,0.9107209025461638,0.7514229129530277,0.6303871482831244
2025-04-25 11:18:23.768506,103.0199010483352,1366.495796159318,144.6945858360183,1.4244557094321204,10.229033594548557,9.561150568311108,7.239276646043973,0.91111301127502,0.7471895110934778,0.628897550635518
2025-04-26 11:18:23.768506,103.00719714122089,1364.2580909288622,144.81246231057847,1.4252642295249542,10.22829780415366,9.579348792634864,7.2371798159484015,0.911899895292647,0.7435940671609098,0.6282141773538328
2025-04-27 11:18:23.768506,102.93221634981333,1365.6754005297496,144.6110729049254,1.425439192547176,10.233975035103127,9.562560994855188,7.235050358451585,0.9114585067180135,0.7422001674389206,0.6283164643835141
2025-04-28 11:18:23.768506,102.97556698086164,1366.0435887729468,144.59714331880852,1.4225944166039826,10.229933649069507,9.564027332078684,7.232060875640813,0.9120644635086849,0.7422438386542672,0.6297721634263491
2025-04-29 11:18:23.768506,102.93033264177909,1364.709057801251,144.67323549514913,1.4224303343581044,10.233480079876696,9.578853018738737,7.23190230366905,0.914751035919083,0.7405973966213089,0.6308209334779618
2025-04-30 11:18:23.768506,102.94149714107999,1365.6084141105002,144.76723428221328,1.4219399663784547,10.239688994726654,9.591156332413,7.230004744773028,0.9142712527836613,0.7415917095871791,0.6315859848839954
2025-05-01 11:18:23.768506,102.97021919772045,1364.6646818941829,144.66227662237642,1.423162051955348,10.244884855077478,9.597768831041353,7.22960650536976,0.9150984711001696,0.7413342711318677,0.6299647179478539
2025-05-02 11:18:23.768506,103.02933045909475,1363.2034155429687,144.63528488068926,1.4221311158205405,10.243891216006745,9.601714058023337,7.2273772720197575,0.9178545686842046,0.7386806397483319,0.6330610990971517
2025-05-03 11:18:23.768506,103.01843528856602,1365.1372777882646,144.6404605171732,1.4224073332931548,10.25711615492262,9.608427542266481,7.230590260914187,0.9166289952423625,0.7384803167913893,0.6323762088391797
2025-05-04 11:18:23.768506,103.00316333560367,1366.5345201112432,144.57713438022265,1.424332625733808,10.249514946916646,9.618855303252056,7.230037406839901,0.9165008358570942,0.7365564769080736,0.6326002425878728
2025-05-05 11:18:23.768506,102.9914977396742,1364.8673986942297,144.50267171580148,1.4230061187130616,10.260175632672544,9.637283819449257,7.2315974841546184,0.9154502080474515,0.7340953644203521,0.63217949118194
2025-05-06 11:18:23.768506,102.89906848020485,1365.0261099085153,144.5705188696247,1.4258181207948855,10.270302800747627,9.619631025548978,7.231082178572411,0.9166308899898301,0.7335500258635559,0.6340645572436951
2025-05-07 11:18:23.768506,102.86132766230591,1367.2015228550163,144.37968746514247,1.4261730936325068,10.279403580702336,9.609505922167987,7.235740009981838,0.918203809297879,0.732826634048934,0.6344752373060103
2025-05-08 11:18:23.768506,102.81110846034629,1367.4826041618317,144.0940177070229,1.4258163383467064,10.274449532963294,9.603780682115023,7.2329466940893985,0.9187894483588641,0.733935515032979,0.6354679184103924
2025-05-09 11:18:23.768506,102.75361530819805,1367.6929763170085,144.00875149480137,1.423746645801019,10.284287270399716,9.60599306362537,7.23415112188067,0.9186694791706285,0.7310726549369573,0.6353431018369582
2025-05-10 11:18:23.768506,102.76199997772495,1365.553677244268,144.04089562643483,1.4210580836592988,10.289290211764108,9.610071816495104,7.237093353003921,0.9184756986602387,0.7279112052574275,0.6348865306846754
2025-05-11 11:18:23.768506,102.74642556499707,1365.1239756390898,143.68400638155256,1.4224817767438378,10.278267695161047,9.606629244490584,7.23721067282875,0.9186790835254796,0.7289139683404221,0.6352324626869196
2025-05-12 11:18:23.768506,102.82623881698092,1362.7060810172638,143.87776784720165,1.4217698296385666,10.275381517145652,9.60600949404591,7.239356259764468,0.9202843498274329,0.728258188083352,0.6360749300345756
2025-05-13 11:18:23.768506,102.90068676106476,1365.6065329924245,143.8816255943246,1.4208165340662804,10.262448114786704,9.613910659324214,7.2394831565606514,0.9208016323440695,0.7278464619908738,0.6372850607791727
2025-05-14 11:18:23.768506,102.806564319383,1364.1625312266372,143.95897504164734,1.4224025592934817,10.266462348593754,9.626200683433163,7.242009906091213,0.9230028348220958,0.727277002922533,0.6384424338304976
2025-05-15 11:18:23.768506,102.81269328019162,1366.6225527860768,143.82171241865677,1.4234057500001196,10.280661504157926,9.618259449250743,7.2422103650793925,0.9259511362276,0.7242839064201583,0.6397528037908353
2025-05-16 11:18:23.768506,102.76263505611652,1364.6211999754662,143.80517509137638,1.4235751440441287,10.290149015382374,9.615704581087881,7.246018741336031,0.9254983664155393,0.7218753453779929,0.6367683995970632
2025-05-17 11:18:23.768506,102.7904445828463,1366.5326763007722,144.07093312034462,1.4213489208669363,10.280406248698947,9.616404748677352,7.243145181206025,0.9279886145854515,0.7222898895217994,0.6370062285395839
2025-05-18 11:18:23.768506,102.79835057058277,1363.758898865955,144.34302747379795,1.4183920018370606,10.270603245570541,9.641766232674529,7.2450108690100885,0.9299497905270033,0.7223742723552442,0.6377060789829956
2025-05-19 11:18:23.768506,102.84487641234672,1363.5807500687738,144.42833610965258,1.4197997517464382,10.268951450942257,9.635150031083901,7.244311992425254,0.9298627456487023,0.7218432903413259,0.6391746095827938
2025-05-20 11:18:23.768506,102.86041805300732,1364.7510624872743,144.37708196808617,1.4197167445005148,10.267680872145707,9.638364797573447,7.24377012005032,0.9263970169389725,0.7231820441882356,0.6383665975656274
2025-05-21 11:18:23.768506,102.89847837732776,1365.848049424287,144.35138862853032,1.4193081526978697,10.275355401586646,9.638950818663815,7.245241850900937,0.9249262904861782,0.7257682379950936,0.6364753919297688
2025-05-22 11:18:23.768506,102.88354984722561,1365.558624514774,144.54212124780508,1.422179025627398,10.272390906198698,9.634731758562951,7.244274856294817,0.9260146596144189,0.7254060184251745,0.6342002282766259
2025-05-23 11:18:23.768506,102.75814518333063,1361.0696703947913,144.42514731898575,1.4215334707437488,10.28390314464176,9.644277589641971,7.243225547543039,0.9232166675544872,0.7265154214907188,0.6329126993896929
2025-05-24 11:18:23.768506,102.69889104171628,1362.7494001807593,144.27466196750694,1.422064801574701,10.278881108471415,9.643512987513464,7.244701625508082,0.9251665763195698,0.72829825338717,0.6306083650223288
2025-05-25 11:18:23.768506,102.65614443848466,1363.4283141230692,144.2443136946524,1.4252985886353742,10.289529759208698,9.638580153146398,7.242735563310317,0.9238468471591667,0.7280613432507729,0.6304275281502669
2025-05-26 11:18:23.768506,102.63163696085424,1365.1947182238482,144.37207696991408,1.4262140832823138,10.275328083030875,9.639283330231407,7.2425218172297265,0.924184372423781,0.7276789969485402,0.6319207417582763
2025-05-27 11:18:23.768506,102.58102883853078,1366.6243459714678,144.19955659377052,1.4253769977489732,10.270107074377231,9.641994110658736,7.244908922775394,0.923139908929537,0.7255771959272443,0.63036960985023
2025-05-28 11:18:23.768506,102.66268790684359,1366.9194493219063,144.24290094651616,1.4240999930176477,10.270806189171532,9.635521706617462,7.243526082688796,0.92245307778375,0.7274621622736601,0.6292697088961804
2025-05-29 11:18:23.768506,102.65428008570672,1367.5254474186422,144.28857751530666,1.4259273461926147,10.27940518882635,9.62799128716383,7.246268902265825,0.9227100429509705,0.7281683784528897,0.6283050766821079
2025-05-30 11:18:23.768506,102.71908262894716,1373.0962143684176,144.2976724182554,1.4240607088831656,10.284983869737781,9.639272432208713,7.244356922526046,0.9208389014205361,0.7283345308176201,0.6266500821953529
2025-05-31 11:18:23.768506,102.70216896922845,1371.3713582773503,144.26323118145194,1.4253162595496953,10.276655908283962,9.633229888779564,7.245122046361878,0.9203694641492434,0.7271009272855988,0.6282534338585039
2025-06-01 11:18:23.768506,102.78488242471799,1373.099051778861,144.39239858437932,1.427755729161692,10.263977762833825,9.642403388294515,7.2455445665656,0.9194680421604453,0.7289354786353038,0.6266478794496902
2025-06-02 11:18:23.768506,102.72486858757856,1371.3588397638196,144.46793221728115,1.4276118406380824,10.264087010072895,9.640574020383593,7.242949015585375,0.9204871374288901,0.7259818517951944,0.6278776496344466
2025-06-03 11:18:23.768506,102.7548516195672,1374.8897899910446,144.23470270360684,1.4288605071820928,10.26355864724595,9.631786584632732,7.244758780259247,0.9188900101337125,0.727192931954647,0.6272696750343393
2025-06-04 11:18:23.768506,102.6883534097527,1374.403614024124,144.4654915365387,1.4289754572532571,10.259991749972558,9.62001560396198,7.242094602425991,0.9218874894126581,0.7291898058565806,0.6251528294760608
2025-06-05 11:18:23.768506,102.71045629320513,1372.777319013966,144.5218060998014,1.4311210622776782,10.260117452053525,9.60246078074544,7.245133105072972,0.9243683040607075,0.7289880091661031,0.624500484266157
2025-06-06 11:18:23.768506,102.78979151562265,1372.6270360933881,144.5562257302827,1.4315464524790953,10.247189838059667,9.60898187628524,7.248445459323933,0.9224549858472413,0.7270721114186371,0.6237544620495459
2025-06-07 11:18:23.768506,102.70809178659775,1369.08484391522,144.4882630222304,1.430503871611678,10.252641929171515,9.615066313885748,7.2473523409884315,0.9204641366908446,0.7251255127786835,0.6215624858570741
2025-06-08 11:18:23.768506,102.66449290669154,1364.4145879915245,144.42948690258476,1.4310578832100551,10.262911247383244,9.610311586729146,7.247693745934967,0.9195892377100929,0.7265532479176715,0.6202509468693653
2025-06-09 11:18:23.768506,102.67675514597406,1359.6262598242583,144.0324699713347,1.4312951621462646,10.254381910143604,9.598801892093155,7.247506865340196,0.9200092900088112,0.7262219995130066,0.6212123034857122
2025-06-10 11:18:23.768506,102.66745875215426,1358.186384267879,143.98181765846263,1.4303822826801962,10.246211092222845,9.592599676744559,7.244764180009397,0.9208153423486408,0.7275011525708588,0.6210882242066539
2025-06-11 11:18:23.768506,102.59900655211673,1355.3027718415763,144.05568036864096,1.4300402039188127,10.258843728678784,9.593355223615122,7.243229408729628,0.9217179895214221,0.7261391978272157,0.6168489782378473
2025-06-12 11:18:23.768506,102.65684100027265,1356.2624352076211,144.13261668716103,1.4282378014129158,10.269898611272467,9.605302954204028,7.243265362011708,0.9229031346690134,0.7239008689324449,0.6178615355614974
2025-06-13 11:18:23.768506,102.65945674678102,1354.78340297296,144.01315762169858,1.426986715657126,10.262319394918093,9.597896177616587,7.243417829134688,0.9227301911862092,0.7288822584654067,0.6185064436938528
2025-06-14 11:18:23.768506,102.72413428621071,1355.9621827402586,143.63817626383926,1.4279703776546282,10.255870376093375,9.580014586124374,7.246115071551832,0.9209116250037616,0.7271257960071371,0.6189540214957314
2025-06-15 11:18:23.768506,102.74006539902463,1359.371910268792,143.44949363178083,1.4252014797027415,10.23875884732748,9.581356057833377,7.245325785857588,0.9194434907726894,0.7284857115271881,0.6231680474112109
2025-06-16 11:18:23.768506,102.68239548379567,1356.5312877819808,143.38478836903514,1.42563423138459,10.244019618087677,9.576747060924962,7.244369609808967,0.9187914878197783,0.7304764455390707,0.6203068040363213
2025-06-17 11:18:23.768506,102.65833338696322,1354.0294583101995,143.5613590960051,1.4256679112673956,10.246365758248478,9.567290169740309,7.245911617107434,0.9175401868113382,0.7304911248746875,0.6204932554861561
2025-06-18 11:18:23.768506,102.72743832314534,1356.6428356474264,143.29843295984443,1.4247936517335025,10.2469980770625,9.547375089506533,7.247664313697095,0.9210325658774443,0.7310388742186762,0.6215554365606438
2025-06-19 11:18:23.768506,102.65814541044189,1360.076712931262,143.28347609711253,1.426927525753321,10.269879603298861,9.552106327294258,7.247359015302753,0.9203223762451173,0.7317998594617859,0.6185242626747163
2025-06-20 11:18:23.768506,102.63485555242765,1358.1993096405092,143.35544854711583,1.427983969690827,10.268425150551595,9.56529716089185,7.247979198614549,0.9221079926711251,0.7350816713459086,0.6195291876141166
2025-06-21 11:18:23.768506,102.66488678860117,1355.475245097759,143.4322767732245,1.4271034171139707,10.267611065635396,9.553809604613964,7.246986486887316,0.9231861484377488,0.7351477036037648,0.6189698268321311
2025-06-22 11:18:23.768506,102.71563811196798,1355.5474226822064,143.4007998153474,1.4274238730139563,10.270521203433686,9.5374723678724,7.246847679722771,0.9218980146835712,0.736291177294714,0.6171368712013371
2025-06-23 11:18:23.768506,102.7570061664399,1355.2985503734449,142.96163284974259,1.4288197119601775,10.26899588060037,9.530644074799435,7.242726646279015,0.9198552646301663,0.7395498083568053,0.6193921444165181
2025-06-24 11:18:23.768506,102.68329603226701,1355.7019411230121,143.0359330355692,1.426462407644103,10.280426107167276,9.526275121601843,7.239323109161253,0.9193334384694252,0.7379456913793694,0.6203152321966767
2025-06-25 11:18:23.768506,102.78761491825709,1355.010951503992,143.0381492054086,1.426801690638182,10.279142369137302,9.530233360175123,7.241249126213545,0.9197573816541794,0.735987457385633,0.6186504066758662
2025-06-26 11:18:23.768506,102.77938154219227,1354.4254903720682,143.10284952077652,1.426443558341994,10.280800706961749,9.529790218759798,7.240124368548889,0.9192133478189798,0.73645378299602,0.618517916437034
2025-06-27 11:18:23.768506,102.77999332487695,1353.857953854613,142.94254250726237,1.4270524953997294,10.303679537732387,9.511096980565581,7.238073283048183,0.9207968443381296,0.7363573850013019,0.6163669221777377
2025-06-28 11:18:23.768506,102.77984287092225,1350.9722100179251,142.85317840181767,1.4302443304730281,10.298317479357113,9.512356230100002,7.2392765407198505,0.9198143671295138,0.738405242362184,0.6199360720505918
2025-06-29 11:18:23.768506,102.76824532874161,1347.9610005430266,143.0652669232456,1.4292768677656615,10.28678279895158,9.513790638858765,7.243654466976749,0.9188176937932026,0.7402539544864741,0.6178815247089466
2025-06-30 11:18:23.768506,102.71989042139667,1348.1860279795721,143.03590702047023,1.4287763796990784,10.288789659791608,9.50683224378655,7.2459433817784955,0.9191974036516458,0.7405721517109602,0.6180918424978108
2025-07-01 11:18:23.768506,102.70354240742232,1348.9780647734895,143.01976902196128,1.4269828392676485,10.283061193619556,9.508238847557662,7.247010361754391,0.9221440193287935,0.7422067948565936,0.6174961612649771
2025-07-02 11:18:23.768506,102.7696594953752,1348.3112411093225,142.89630184503582,1.4273260116368551,10.277154376386074,9.492842534138749,7.247242821989698,0.9233368537668923,0.7421827474904709,0.6196922120855273
2025-07-03 11:18:23.768506,102.70155222033806,1350.3395135683102,143.07260049916425,1.4282751330902406,10.279778225825623,9.487657938967455,7.25118874417656,0.9260652634304434,0.7471775112817753,0.620116641602751
2025-07-04 11:18:23.768506,102.57993951500133,1350.5777139747918,142.80911627276436,1.4245793516494725,10.288699955868239,9.472195114578305,7.254971901435403,0.9254198064683365,0.7496966711288876,0.6206191289556524
2025-07-05 11:18:23.768506,102.60668815936315,1351.7370137221471,142.71616715013673,1.4268091111562906,10.273797686948168,9.47043629495277,7.255741430540918,0.9270749760211726,0.7499238755061,0.6217933401538491
2025-07-06 11:18:23.768506,102.62357112019501,1353.0448008364922,142.76825928249033,1.4292306262816736,10.272203095937105,9.476486294858269,7.2553483378080195,0.9278198756690708,0.7549985843348017,0.6216458942270844
2025-07-07 11:18:23.768506,102.65996428039267,1354.111586007122,142.7494103548575,1.4252181915710485,10.251696188784047,9.454942364380958,7.255883873194215,0.9315419555676934,0.7557847034117681,0.6229873688178742
2025-07-08 11:18:23.768506,102.7463238079514,1356.4583039694833,142.870739480954,1.4229499236746186,10.261220928505974,9.453576739746833,7.257287790807055,0.9310512846479098,0.7578427170687669,0.6256730045440387
2025-07-09 11:18:23.768506,102.71005926021155,1357.5940610913515,142.92300364152774,1.423680274575431,10.25120700576573,9.45932086487965,7.257300571312802,0.9314904858543939,0.7568079220465653,0.628783621583682
2025-07-10 11:18:23.768506,102.71891736942683,1357.8172806427508,143.13019896340117,1.423840712424527,10.257928402098676,9.460180113026153,7.256583684776218,0.9303434502250725,0.7552832339978227,0.6254004917302386
2025-07-11 11:18:23.768506,102.74404583600104,1354.359451468768,143.0850388413226,1.4256331465084056,10.276133755658988,9.474885337908162,7.255654065655863,0.9287494084051489,0.7588501352138202,0.6256702904186878
2025-07-12 11:18:23.768506,102.80562704501057,1354.792477608169,143.05448485425052,1.42523201678095,10.289784440927782,9.472679003419897,7.2529717914856855,0.9300107615878126,0.7586071909743662,0.6270634059923703
2025-07-13 11:18:23.768506,102.85692319103619,1353.8733984844916,143.086749040778,1.4272102885810687,10.294178083155128,9.493064099704535,7.25269286095934,0.9309629827751971,0.7573518799865433,0.6276392013232425
2025-07-14 11:18:23.768506,102.81477275568608,1351.1819358096268,142.80677303209754,1.4251824384189575,10.274482691069094,9.49258012474366,7.253512255043624,0.9296809241141024,0.7564522754524587,0.6297374456091328
2025-07-15 11:18:23.768506,102.74589756786446,1351.4352984221885,143.01230637556375,1.4258429452704482,10.293531188845877,9.478867138536488,7.251060703120104,0.9312983865840176,0.7584106582694279,0.6297765320663785
2025-07-16 11:18:23.768506,102.73226356785885,1347.9986962276573,142.86532522862606,1.4252286075618055,10.289514270292571,9.476040661834599,7.249503837559103,0.9313364155798015,0.7579949060698393,0.6313809042006283
2025-07-17 11:18:23.768506,102.65162010594872,1348.5387383273999,143.02939032271624,1.4245611402533398,10.297603873667109,9.467837378600368,7.251662508801745,0.9315809631950069,0.7567141824180743,0.6297603198451174
2025-07-18 11:18:23.768506,102.70709736175993,1348.0202410752868,143.24052975650108,1.4219335374961126,10.292679022674413,9.478711318682322,7.250176492663092,0.9346140391933033,0.7524596378673982,0.6280422491089603
2025-07-19 11:18:23.768506,102.68735788664843,1345.5210150310306,143.38704074203383,1.4213636845462752,10.290380414759806,9.493920498488633,7.251100656973053,0.9360402125615097,0.7513647483277363,0.6255732198151011
2025-07-20 11:18:23.768506,102.66955228791231,1343.6983679704954,143.41035974680506,1.4234817726324454,10.30660115929833,9.510007024774506,7.248999053135026,0.937991477027484,0.752111300571427,0.6265606545575707
2025-07-21 11:18:23.768506,102.62505253308777,1347.4272361225765,143.3077278390524,1.4225515397230997,10.290097814603662,9.516723105021992,7.245176927587642,0.9405968395679776,0.7515330408159415,0.6273434553499625
2025-07-22 11:18:23.768506,102.70122968413946,1351.024363375342,142.97772810037867,1.4222524184606453,10.277831916318567,9.51434048133483,7.246009976343756,0.9414051498074666,0.7507137367237331,0.6296409973587046
2025-07-23 11:18:23.768506,102.71562239932234,1350.6622573059096,143.0573373498947,1.4225033659231459,10.27497246654214,9.507471719955374,7.247342002077429,0.941298849344579,0.754822692519546,0.6300389910217087
2025-07-24 11:18:23.768506,102.69500545351285,1352.3543248271485,143.01554566836288,1.421096337056302,10.285608036546183,9.495071779467368,7.247876131314513,0.9438395036614532,0.7562353578861758,0.6308806842256532
2025-07-25 11:18:23.768506,102.725577083585,1355.9685482008397,143.27090480274805,1.4215516344547898,10.260651648748471,9.50095219210277,7.247830705927662,0.9467475566992319,0.7556389108104713,0.6299970964676682
2025-07-26 11:18:23.768506,102.72130328896095,1354.3019330738164,143.22080744698724,1.4224538475480346,10.273295749065923,9.487297261343398,7.250817327388276,0.9448827628839829,0.756928938805434,0.6321276736470228
2025-07-27 11:18:23.768506,102.75097818264183,1354.1154807340638,143.31103584011768,1.4221514851355486,10.269211709580468,9.483749281686446,7.250250551740192,0.9439498367585475,0.7555115617648744,0.63266054611395
2025-07-28 11:18:23.768506,102.8169187507653,1356.5762398740455,143.24462609070056,1.419407110059956,10.27621625804036,9.485106090807482,7.248678199195139,0.9431051466873657,0.7569405314331861,0.6330466501007097
2025-07-29 11:18:23.768506,102.80367453766402,1357.136532289352,143.30506893284658,1.4217773198914718,10.302556212759738,9.488667918077525,7.249215627138854,0.9422349132439137,0.7601003353632774,0.6358164501765741
2025-07-30 11:18:23.768506,102.82928134617697,1356.7439879910326,143.24729384744478,1.421917741615012,10.307726594729862,9.473656590558273,7.251360971646556,0.9445340953167575,0.7600172551070701,0.6339960878165238
2025-07-31 11:18:23.768506,102.85317562764615,1359.9997035818874,143.21666368273728,1.4219504357368957,10.31878146406578,9.460119246780936,7.252061221843434,0.9444468000618491,0.762665268906679,0.6345682581700106
2025-08-01 11:18:23.768506,102.90988507693265,1361.5981838024932,142.9258329457727,1.4216975991839056,10.33263502073546,9.44730120860462,7.254164721806817,0.944467444502628,0.7621878091389235,0.6347135997007233
2025-08-02 11:18:23.768506,102.93960226736249,1363.3924016003543,142.81257103846525,1.4208721223780558,10.3297238927271,9.455031545265278,7.257295133221865,0.9451963279494197,0.7601094791752047,0.6354682107889965
2025-08-03 11:18:23.768506,102.94121648040264,1367.7884792275365,142.78473216839055,1.4184298960931099,10.331243867209743,9.442602532434938,7.255739129610798,0.9464797461902182,0.7598596914803765,0.6361426990440389
2025-08-04 11:18:23.768506,102.90907210247106,1368.2873856486685,142.9739581540149,1.418424207455727,10.329643470099928,9.432472475058525,7.255496176864652,0.9468610900379121,0.7597604022369114,0.6373383591889664
2025-08-05 11:18:23.768506,102.92380537994738,1373.3114521770115,143.01069043529432,1.418718837392108,10.33190058767697,9.43766018653316,7.254985768591339,0.9478112832144864,0.7615717399550489,0.6351106778183689
2025-08-06 11:18:23.768506,102.87148635703703,1373.2314009769364,142.81998787658495,1.4202778560408091,10.32898132742571,9.446221305322934,7.25617734037214,0.9461235213716274,0.7620487558873085,0.6351538804436443
2025-08-07 11:18:23.768506,102.90420950985782,1373.314531107313,143.05679167914386,1.422813011225229,10.323865747097681,9.464498127150108,7.252947492595249,0.9466446767612801,0.7610462927422634,0.633847159287091
2025-08-08 11:18:23.768506,102.90717807362708,1373.5738916520736,143.10611907931064,1.4217867880492772,10.317902638352642,9.46363491326083,7.254891463300362,0.9457988608526783,0.760510959860511,0.6338774735997041
2025-08-09 11:18:23.768506,102.93462282435982,1375.494412107521,143.27150364391167,1.424285764356798,10.325625977877076,9.472399713871143,7.252099636078955,0.9461093972215173,0.7606913808203812,0.6317568992275908
2025-08-10 11:18:23.768506,102.90863036064103,1376.3746512062294,143.12917015734723,1.4244891492886111,10.312366888298431,9.453779159741073,7.252861194633681,0.9483978507621154,0.7617990583359228,0.632608288279416
2025-08-11 11:18:23.768506,102.86853600716478,1376.564584526489,142.62487135257714,1.42544569186383,10.31348346162881,9.45955018773046,7.252194629640748,0.9493124946555346,0.7601258069797621,0.633173147312958
2025-08-12 11:18:23.768506,102.82286017951793,1373.2720128746473,142.5032629593222,1.4239851294486612,10.327287332441154,9.467760220355865,7.251274352491122,0.9495443957708191,0.7591244285396129,0.635552397852369
2025-08-13 11:18:23.768506,102.87819495184772,1371.9200472061286,142.3427114968339,1.4245816404488432,10.31344982978144,9.477103941917472,7.252368233138008,0.9518202132580045,0.7591297496545881,0.6329304200310035
2025-08-14 11:18:23.768506,102.86724112559651,1371.2836633039415,142.37855275540844,1.423238462366336,10.295914047370504,9.471898417820997,7.249862966940866,0.954818888061947,0.7575808346975128,0.6311468600140604
2025-08-15 11:18:23.768506,102.85572455040305,1372.468228989681,142.13930994700473,1.424331448325741,10.30273231663571,9.485966778989383,7.251018089514125,0.9560327983740746,0.7596931925175064,0.6307507250096697
2025-08-16 11:18:23.768506,102.7662414896677,1374.0363888086238,141.9990839012138,1.4225208593590102,10.294764143112229,9.502168396745708,7.250329271638739,0.9552892754800897,0.7598658493768953,0.630470618989249
2025-08-17 11:18:23.768506,102.7633854137276,1369.5685865205965,141.7863532461986,1.4226584959184752,10.287484841881703,9.502110065906546,7.247554499105818,0.9578068410226578,0.7579920770238373,0.627629662767989
2025-08-18 11:18:23.768506,102.59037127510864,1367.198680924294,141.80272685425032,1.4221037902752305,10.293916173876806,9.502546121461457,7.24951407331458,0.9582103552808441,0.7566225672585299,0.6257932209326819
2025-08-19 11:18:23.768506,102.65848040298677,1367.1501809863273,141.65743082055744,1.4227198784249708,10.297042503724988,9.499016656071442,7.247020956883698,0.9571511432152333,0.7587535210822074,0.6248720435531778
2025-08-20 11:18:23.768506,102.64639337727766,1366.7801963884813,141.86317383458527,1.4231827577024938,10.290263911199382,9.495870391195906,7.248206850832439,0.9581728293671085,0.7579858420437557,0.6256129928126072
